"","sample","ril","trt","rep","group"
"1","RIL_103_CR_Rep2.fq.gz.bam","103","CR","2","103_CR"
"2","RIL_103_CR_Rep4.fq.gz.bam","103","CR","4","103_CR"
"3","RIL_103_CR_Rep5.fq.gz.bam","103","CR","5","103_CR"
"4","RIL_103_UN_Rep1.fq.gz.bam","103","UN","1","103_UN"
"5","RIL_103_UN_Rep2.fq.gz.bam","103","UN","2","103_UN"
"6","RIL_103_UN_Rep3.fq.gz.bam","103","UN","3","103_UN"
"7","RIL_104_CR_Rep2.fq.gz.bam","104","CR","2","104_CR"
"8","RIL_104_CR_Rep3.fq.gz.bam","104","CR","3","104_CR"
"9","RIL_104_CR_Rep5.fq.gz.bam","104","CR","5","104_CR"
"10","RIL_104_UN_Rep2.fq.gz.bam","104","UN","2","104_UN"
"11","RIL_104_UN_Rep4.fq.gz.bam","104","UN","4","104_UN"
"12","RIL_104_UN_Rep5.fq.gz.bam","104","UN","5","104_UN"
"13","RIL_113_CR_Rep1.fq.gz.bam","113","CR","1","113_CR"
"14","RIL_113_CR_Rep3.fq.gz.bam","113","CR","3","113_CR"
"15","RIL_113_CR_Rep5.fq.gz.bam","113","CR","5","113_CR"
"16","RIL_113_UN_Rep1.fq.gz.bam","113","UN","1","113_UN"
"17","RIL_113_UN_Rep2.fq.gz.bam","113","UN","2","113_UN"
"18","RIL_113_UN_Rep3.fq.gz.bam","113","UN","3","113_UN"
"19","RIL_113_UN_Rep4.fq.gz.bam","113","UN","4","113_UN"
"20","RIL_113_UN_Rep5.fq.gz.bam","113","UN","5","113_UN"
"21","RIL_115_CR_Rep1.fq.gz.bam","115","CR","1","115_CR"
"22","RIL_115_CR_Rep2.fq.gz.bam","115","CR","2","115_CR"
"23","RIL_115_CR_Rep5.fq.gz.bam","115","CR","5","115_CR"
"24","RIL_115_UN_Rep1.fq.gz.bam","115","UN","1","115_UN"
"25","RIL_115_UN_Rep2.fq.gz.bam","115","UN","2","115_UN"
"26","RIL_115_UN_Rep3.fq.gz.bam","115","UN","3","115_UN"
"27","RIL_123_CR_Rep1.fq.gz.bam","123","CR","1","123_CR"
"28","RIL_123_CR_Rep3.fq.gz.bam","123","CR","3","123_CR"
"29","RIL_123_CR_Rep4.fq.gz.bam","123","CR","4","123_CR"
"30","RIL_123_UN_Rep1.fq.gz.bam","123","UN","1","123_UN"
"31","RIL_123_UN_Rep2.fq.gz.bam","123","UN","2","123_UN"
"32","RIL_124_CR_Rep2.fq.gz.bam","124","CR","2","124_CR"
"33","RIL_124_CR_Rep5.fq.gz.bam","124","CR","5","124_CR"
"34","RIL_124_UN_Rep1.fq.gz.bam","124","UN","1","124_UN"
"35","RIL_124_UN_Rep3.fq.gz.bam","124","UN","3","124_UN"
"36","RIL_124_UN_Rep5.fq.gz.bam","124","UN","5","124_UN"
"37","RIL_12_CR_Rep2.fq.gz.bam","12","CR","2","12_CR"
"38","RIL_12_CR_Rep3.fq.gz.bam","12","CR","3","12_CR"
"39","RIL_12_CR_Rep4.fq.gz.bam","12","CR","4","12_CR"
"40","RIL_12_CR_Rep5.fq.gz.bam","12","CR","5","12_CR"
"41","RIL_12_UN_Rep1.fq.gz.bam","12","UN","1","12_UN"
"42","RIL_12_UN_Rep2.fq.gz.bam","12","UN","2","12_UN"
"43","RIL_12_UN_Rep3.fq.gz.bam","12","UN","3","12_UN"
"44","RIL_12_UN_Rep4.fq.gz.bam","12","UN","4","12_UN"
"45","RIL_12_UN_Rep5.fq.gz.bam","12","UN","5","12_UN"
"46","RIL_131_CR_Rep2.fq.gz.bam","131","CR","2","131_CR"
"47","RIL_131_CR_Rep3.fq.gz.bam","131","CR","3","131_CR"
"48","RIL_131_CR_Rep4.fq.gz.bam","131","CR","4","131_CR"
"49","RIL_131_CR_Rep5.fq.gz.bam","131","CR","5","131_CR"
"50","RIL_131_UN_Rep1.fq.gz.bam","131","UN","1","131_UN"
"51","RIL_131_UN_Rep2.fq.gz.bam","131","UN","2","131_UN"
"52","RIL_136_CR_Rep1.fq.gz.bam","136","CR","1","136_CR"
"53","RIL_136_CR_Rep2.fq.gz.bam","136","CR","2","136_CR"
"54","RIL_136_CR_Rep3.fq.gz.bam","136","CR","3","136_CR"
"55","RIL_136_CR_Rep5.fq.gz.bam","136","CR","5","136_CR"
"56","RIL_136_UN_Rep1.fq.gz.bam","136","UN","1","136_UN"
"57","RIL_136_UN_Rep2.fq.gz.bam","136","UN","2","136_UN"
"58","RIL_136_UN_Rep3.fq.gz.bam","136","UN","3","136_UN"
"59","RIL_136_UN_Rep4.fq.gz.bam","136","UN","4","136_UN"
"60","RIL_136_UN_Rep5.fq.gz.bam","136","UN","5","136_UN"
"61","RIL_143_CR_Rep1.fq.gz.bam","143","CR","1","143_CR"
"62","RIL_143_CR_Rep2.fq.gz.bam","143","CR","2","143_CR"
"63","RIL_143_CR_Rep3.fq.gz.bam","143","CR","3","143_CR"
"64","RIL_143_CR_Rep5.fq.gz.bam","143","CR","5","143_CR"
"65","RIL_143_UN_Rep1.fq.gz.bam","143","UN","1","143_UN"
"66","RIL_143_UN_Rep2.fq.gz.bam","143","UN","2","143_UN"
"67","RIL_143_UN_Rep4.fq.gz.bam","143","UN","4","143_UN"
"68","RIL_143_UN_Rep5.fq.gz.bam","143","UN","5","143_UN"
"69","RIL_146_CR_Rep2.fq.gz.bam","146","CR","2","146_CR"
"70","RIL_146_CR_Rep4.fq.gz.bam","146","CR","4","146_CR"
"71","RIL_146_CR_Rep5.fq.gz.bam","146","CR","5","146_CR"
"72","RIL_146_UN_Rep2.fq.gz.bam","146","UN","2","146_UN"
"73","RIL_146_UN_Rep3.fq.gz.bam","146","UN","3","146_UN"
"74","RIL_146_UN_Rep5.fq.gz.bam","146","UN","5","146_UN"
"75","RIL_147_CR_Rep3.fq.gz.bam","147","CR","3","147_CR"
"76","RIL_147_CR_Rep4.fq.gz.bam","147","CR","4","147_CR"
"77","RIL_147_CR_Rep5.fq.gz.bam","147","CR","5","147_CR"
"78","RIL_147_UN_Rep1.fq.gz.bam","147","UN","1","147_UN"
"79","RIL_147_UN_Rep2.fq.gz.bam","147","UN","2","147_UN"
"80","RIL_147_UN_Rep3.fq.gz.bam","147","UN","3","147_UN"
"81","RIL_147_UN_Rep4.fq.gz.bam","147","UN","4","147_UN"
"82","RIL_150_CR_Rep1.fq.gz.bam","150","CR","1","150_CR"
"83","RIL_150_CR_Rep2.fq.gz.bam","150","CR","2","150_CR"
"84","RIL_150_CR_Rep4.fq.gz.bam","150","CR","4","150_CR"
"85","RIL_150_CR_Rep5.fq.gz.bam","150","CR","5","150_CR"
"86","RIL_150_UN_Rep1.fq.gz.bam","150","UN","1","150_UN"
"87","RIL_150_UN_Rep2.fq.gz.bam","150","UN","2","150_UN"
"88","RIL_150_UN_Rep4.fq.gz.bam","150","UN","4","150_UN"
"89","RIL_154_CR_Rep2.fq.gz.bam","154","CR","2","154_CR"
"90","RIL_154_CR_Rep3.fq.gz.bam","154","CR","3","154_CR"
"91","RIL_154_CR_Rep4.fq.gz.bam","154","CR","4","154_CR"
"92","RIL_154_CR_Rep5.fq.gz.bam","154","CR","5","154_CR"
"93","RIL_154_UN_Rep1.fq.gz.bam","154","UN","1","154_UN"
"94","RIL_154_UN_Rep3.fq.gz.bam","154","UN","3","154_UN"
"95","RIL_154_UN_Rep4.fq.gz.bam","154","UN","4","154_UN"
"96","RIL_154_UN_Rep5.fq.gz.bam","154","UN","5","154_UN"
"97","RIL_155_CR_Rep1.fq.gz.bam","155","CR","1","155_CR"
"98","RIL_155_CR_Rep3.fq.gz.bam","155","CR","3","155_CR"
"99","RIL_155_CR_Rep4.fq.gz.bam","155","CR","4","155_CR"
"100","RIL_155_CR_Rep5.fq.gz.bam","155","CR","5","155_CR"
"101","RIL_155_UN_Rep1.fq.gz.bam","155","UN","1","155_UN"
"102","RIL_155_UN_Rep3.fq.gz.bam","155","UN","3","155_UN"
"103","RIL_155_UN_Rep4.fq.gz.bam","155","UN","4","155_UN"
"104","RIL_155_UN_Rep5.fq.gz.bam","155","UN","5","155_UN"
"105","RIL_15_CR_Rep1.fq.gz.bam","15","CR","1","15_CR"
"106","RIL_15_CR_Rep2.fq.gz.bam","15","CR","2","15_CR"
"107","RIL_15_CR_Rep3.fq.gz.bam","15","CR","3","15_CR"
"108","RIL_15_CR_Rep4.fq.gz.bam","15","CR","4","15_CR"
"109","RIL_15_CR_Rep5.fq.gz.bam","15","CR","5","15_CR"
"110","RIL_15_UN_Rep1.fq.gz.bam","15","UN","1","15_UN"
"111","RIL_15_UN_Rep2.fq.gz.bam","15","UN","2","15_UN"
"112","RIL_15_UN_Rep3.fq.gz.bam","15","UN","3","15_UN"
"113","RIL_15_UN_Rep5.fq.gz.bam","15","UN","5","15_UN"
"114","RIL_164_CR_Rep1.fq.gz.bam","164","CR","1","164_CR"
"115","RIL_164_UN_Rep2.fq.gz.bam","164","UN","2","164_UN"
"116","RIL_166_CR_Rep1.fq.gz.bam","166","CR","1","166_CR"
"117","RIL_166_CR_Rep3.fq.gz.bam","166","CR","3","166_CR"
"118","RIL_166_CR_Rep4.fq.gz.bam","166","CR","4","166_CR"
"119","RIL_166_UN_Rep1.fq.gz.bam","166","UN","1","166_UN"
"120","RIL_166_UN_Rep2.fq.gz.bam","166","UN","2","166_UN"
"121","RIL_166_UN_Rep3.fq.gz.bam","166","UN","3","166_UN"
"122","RIL_166_UN_Rep4.fq.gz.bam","166","UN","4","166_UN"
"123","RIL_166_UN_Rep5.fq.gz.bam","166","UN","5","166_UN"
"124","RIL_16_CR_Rep1.fq.gz.bam","16","CR","1","16_CR"
"125","RIL_16_CR_Rep2.fq.gz.bam","16","CR","2","16_CR"
"126","RIL_16_CR_Rep3.fq.gz.bam","16","CR","3","16_CR"
"127","RIL_16_CR_Rep5.fq.gz.bam","16","CR","5","16_CR"
"128","RIL_16_UN_Rep1.fq.gz.bam","16","UN","1","16_UN"
"129","RIL_16_UN_Rep2.fq.gz.bam","16","UN","2","16_UN"
"130","RIL_16_UN_Rep3.fq.gz.bam","16","UN","3","16_UN"
"131","RIL_16_UN_Rep4.fq.gz.bam","16","UN","4","16_UN"
"132","RIL_171_CR_Rep1.fq.gz.bam","171","CR","1","171_CR"
"133","RIL_171_CR_Rep3.fq.gz.bam","171","CR","3","171_CR"
"134","RIL_171_CR_Rep4.fq.gz.bam","171","CR","4","171_CR"
"135","RIL_171_UN_Rep1.fq.gz.bam","171","UN","1","171_UN"
"136","RIL_171_UN_Rep2.fq.gz.bam","171","UN","2","171_UN"
"137","RIL_171_UN_Rep3.fq.gz.bam","171","UN","3","171_UN"
"138","RIL_171_UN_Rep4.fq.gz.bam","171","UN","4","171_UN"
"139","RIL_171_UN_Rep5.fq.gz.bam","171","UN","5","171_UN"
"140","RIL_174_CR_Rep4.fq.gz.bam","174","CR","4","174_CR"
"141","RIL_174_CR_Rep5.fq.gz.bam","174","CR","5","174_CR"
"142","RIL_174_UN_Rep2.fq.gz.bam","174","UN","2","174_UN"
"143","RIL_174_UN_Rep3.fq.gz.bam","174","UN","3","174_UN"
"144","RIL_174_UN_Rep4.fq.gz.bam","174","UN","4","174_UN"
"145","RIL_175_CR_Rep1.fq.gz.bam","175","CR","1","175_CR"
"146","RIL_175_CR_Rep2.fq.gz.bam","175","CR","2","175_CR"
"147","RIL_175_CR_Rep5.fq.gz.bam","175","CR","5","175_CR"
"148","RIL_175_UN_Rep1.fq.gz.bam","175","UN","1","175_UN"
"149","RIL_175_UN_Rep2.fq.gz.bam","175","UN","2","175_UN"
"150","RIL_175_UN_Rep3.fq.gz.bam","175","UN","3","175_UN"
"151","RIL_175_UN_Rep4.fq.gz.bam","175","UN","4","175_UN"
"152","RIL_175_UN_Rep5.fq.gz.bam","175","UN","5","175_UN"
"153","RIL_176_CR_Rep1.fq.gz.bam","176","CR","1","176_CR"
"154","RIL_176_CR_Rep2.fq.gz.bam","176","CR","2","176_CR"
"155","RIL_176_CR_Rep4.fq.gz.bam","176","CR","4","176_CR"
"156","RIL_176_CR_Rep5.fq.gz.bam","176","CR","5","176_CR"
"157","RIL_176_UN_Rep1.fq.gz.bam","176","UN","1","176_UN"
"158","RIL_176_UN_Rep2.fq.gz.bam","176","UN","2","176_UN"
"159","RIL_176_UN_Rep3.fq.gz.bam","176","UN","3","176_UN"
"160","RIL_176_UN_Rep4.fq.gz.bam","176","UN","4","176_UN"
"161","RIL_176_UN_Rep5.fq.gz.bam","176","UN","5","176_UN"
"162","RIL_182_CR_Rep2.fq.gz.bam","182","CR","2","182_CR"
"163","RIL_182_CR_Rep5.fq.gz.bam","182","CR","5","182_CR"
"164","RIL_182_UN_Rep1.fq.gz.bam","182","UN","1","182_UN"
"165","RIL_182_UN_Rep2.fq.gz.bam","182","UN","2","182_UN"
"166","RIL_182_UN_Rep3.fq.gz.bam","182","UN","3","182_UN"
"167","RIL_182_UN_Rep5.fq.gz.bam","182","UN","5","182_UN"
"168","RIL_183_CR_Rep3.fq.gz.bam","183","CR","3","183_CR"
"169","RIL_183_CR_Rep5.fq.gz.bam","183","CR","5","183_CR"
"170","RIL_183_UN_Rep1.fq.gz.bam","183","UN","1","183_UN"
"171","RIL_183_UN_Rep2.fq.gz.bam","183","UN","2","183_UN"
"172","RIL_183_UN_Rep3.fq.gz.bam","183","UN","3","183_UN"
"173","RIL_183_UN_Rep4.fq.gz.bam","183","UN","4","183_UN"
"174","RIL_183_UN_Rep5.fq.gz.bam","183","UN","5","183_UN"
"175","RIL_184_CR_Rep2.fq.gz.bam","184","CR","2","184_CR"
"176","RIL_184_CR_Rep3.fq.gz.bam","184","CR","3","184_CR"
"177","RIL_184_CR_Rep5.fq.gz.bam","184","CR","5","184_CR"
"178","RIL_184_UN_Rep1.fq.gz.bam","184","UN","1","184_UN"
"179","RIL_184_UN_Rep2.fq.gz.bam","184","UN","2","184_UN"
"180","RIL_184_UN_Rep5.fq.gz.bam","184","UN","5","184_UN"
"181","RIL_187_CR_Rep2.fq.gz.bam","187","CR","2","187_CR"
"182","RIL_187_CR_Rep4.fq.gz.bam","187","CR","4","187_CR"
"183","RIL_187_CR_Rep5.fq.gz.bam","187","CR","5","187_CR"
"184","RIL_187_UN_Rep2.fq.gz.bam","187","UN","2","187_UN"
"185","RIL_187_UN_Rep3.fq.gz.bam","187","UN","3","187_UN"
"186","RIL_187_UN_Rep5.fq.gz.bam","187","UN","5","187_UN"
"187","RIL_190_CR_Rep2.fq.gz.bam","190","CR","2","190_CR"
"188","RIL_190_CR_Rep3.fq.gz.bam","190","CR","3","190_CR"
"189","RIL_190_CR_Rep5.fq.gz.bam","190","CR","5","190_CR"
"190","RIL_190_UN_Rep1.fq.gz.bam","190","UN","1","190_UN"
"191","RIL_190_UN_Rep2.fq.gz.bam","190","UN","2","190_UN"
"192","RIL_190_UN_Rep5.fq.gz.bam","190","UN","5","190_UN"
"193","RIL_193_CR_Rep2.fq.gz.bam","193","CR","2","193_CR"
"194","RIL_193_CR_Rep3.fq.gz.bam","193","CR","3","193_CR"
"195","RIL_193_CR_Rep4.fq.gz.bam","193","CR","4","193_CR"
"196","RIL_193_CR_Rep5.fq.gz.bam","193","CR","5","193_CR"
"197","RIL_193_UN_Rep1.fq.gz.bam","193","UN","1","193_UN"
"198","RIL_193_UN_Rep2.fq.gz.bam","193","UN","2","193_UN"
"199","RIL_193_UN_Rep4.fq.gz.bam","193","UN","4","193_UN"
"200","RIL_193_UN_Rep5.fq.gz.bam","193","UN","5","193_UN"
"201","RIL_198_CR_Rep1.fq.gz.bam","198","CR","1","198_CR"
"202","RIL_198_CR_Rep2.fq.gz.bam","198","CR","2","198_CR"
"203","RIL_198_CR_Rep3.fq.gz.bam","198","CR","3","198_CR"
"204","RIL_198_CR_Rep4.fq.gz.bam","198","CR","4","198_CR"
"205","RIL_198_CR_Rep5.fq.gz.bam","198","CR","5","198_CR"
"206","RIL_198_UN_Rep1.fq.gz.bam","198","UN","1","198_UN"
"207","RIL_198_UN_Rep3.fq.gz.bam","198","UN","3","198_UN"
"208","RIL_198_UN_Rep4.fq.gz.bam","198","UN","4","198_UN"
"209","RIL_198_UN_Rep5.fq.gz.bam","198","UN","5","198_UN"
"210","RIL_199_CR_Rep1.fq.gz.bam","199","CR","1","199_CR"
"211","RIL_199_CR_Rep2.fq.gz.bam","199","CR","2","199_CR"
"212","RIL_199_CR_Rep3.fq.gz.bam","199","CR","3","199_CR"
"213","RIL_199_CR_Rep4.fq.gz.bam","199","CR","4","199_CR"
"214","RIL_199_CR_Rep5.fq.gz.bam","199","CR","5","199_CR"
"215","RIL_199_UN_Rep1.fq.gz.bam","199","UN","1","199_UN"
"216","RIL_199_UN_Rep2.fq.gz.bam","199","UN","2","199_UN"
"217","RIL_199_UN_Rep3.fq.gz.bam","199","UN","3","199_UN"
"218","RIL_199_UN_Rep5.fq.gz.bam","199","UN","5","199_UN"
"219","RIL_1_CR_Rep1.fq.gz.bam","1","CR","1","1_CR"
"220","RIL_1_CR_Rep2.fq.gz.bam","1","CR","2","1_CR"
"221","RIL_1_CR_Rep3.fq.gz.bam","1","CR","3","1_CR"
"222","RIL_1_CR_Rep4.fq.gz.bam","1","CR","4","1_CR"
"223","RIL_1_CR_Rep5.fq.gz.bam","1","CR","5","1_CR"
"224","RIL_1_UN_Rep2.fq.gz.bam","1","UN","2","1_UN"
"225","RIL_1_UN_Rep5.fq.gz.bam","1","UN","5","1_UN"
"226","RIL_201_CR_Rep1.fq.gz.bam","201","CR","1","201_CR"
"227","RIL_201_CR_Rep2.fq.gz.bam","201","CR","2","201_CR"
"228","RIL_201_CR_Rep3.fq.gz.bam","201","CR","3","201_CR"
"229","RIL_201_CR_Rep4.fq.gz.bam","201","CR","4","201_CR"
"230","RIL_201_CR_Rep5.fq.gz.bam","201","CR","5","201_CR"
"231","RIL_201_UN_Rep1.fq.gz.bam","201","UN","1","201_UN"
"232","RIL_201_UN_Rep3.fq.gz.bam","201","UN","3","201_UN"
"233","RIL_201_UN_Rep4.fq.gz.bam","201","UN","4","201_UN"
"234","RIL_204_CR_Rep2.fq.gz.bam","204","CR","2","204_CR"
"235","RIL_204_CR_Rep3.fq.gz.bam","204","CR","3","204_CR"
"236","RIL_204_CR_Rep4.fq.gz.bam","204","CR","4","204_CR"
"237","RIL_204_CR_Rep5.fq.gz.bam","204","CR","5","204_CR"
"238","RIL_204_UN_Rep2.fq.gz.bam","204","UN","2","204_UN"
"239","RIL_204_UN_Rep3.fq.gz.bam","204","UN","3","204_UN"
"240","RIL_204_UN_Rep4.fq.gz.bam","204","UN","4","204_UN"
"241","RIL_205_CR_Rep2.fq.gz.bam","205","CR","2","205_CR"
"242","RIL_205_CR_Rep3.fq.gz.bam","205","CR","3","205_CR"
"243","RIL_205_CR_Rep4.fq.gz.bam","205","CR","4","205_CR"
"244","RIL_205_UN_Rep1.fq.gz.bam","205","UN","1","205_UN"
"245","RIL_205_UN_Rep4.fq.gz.bam","205","UN","4","205_UN"
"246","RIL_205_UN_Rep5.fq.gz.bam","205","UN","5","205_UN"
"247","RIL_206_CR_Rep1.fq.gz.bam","206","CR","1","206_CR"
"248","RIL_206_CR_Rep2.fq.gz.bam","206","CR","2","206_CR"
"249","RIL_206_CR_Rep4.fq.gz.bam","206","CR","4","206_CR"
"250","RIL_206_UN_Rep1.fq.gz.bam","206","UN","1","206_UN"
"251","RIL_206_UN_Rep3.fq.gz.bam","206","UN","3","206_UN"
"252","RIL_206_UN_Rep4.fq.gz.bam","206","UN","4","206_UN"
"253","RIL_206_UN_Rep5.fq.gz.bam","206","UN","5","206_UN"
"254","RIL_207_CR_Rep2.fq.gz.bam","207","CR","2","207_CR"
"255","RIL_207_CR_Rep4.fq.gz.bam","207","CR","4","207_CR"
"256","RIL_207_CR_Rep5.fq.gz.bam","207","CR","5","207_CR"
"257","RIL_207_UN_Rep1.fq.gz.bam","207","UN","1","207_UN"
"258","RIL_207_UN_Rep3.fq.gz.bam","207","UN","3","207_UN"
"259","RIL_207_UN_Rep5.fq.gz.bam","207","UN","5","207_UN"
"260","RIL_208_CR_Rep1.fq.gz.bam","208","CR","1","208_CR"
"261","RIL_208_CR_Rep2.fq.gz.bam","208","CR","2","208_CR"
"262","RIL_208_CR_Rep3.fq.gz.bam","208","CR","3","208_CR"
"263","RIL_208_CR_Rep5.fq.gz.bam","208","CR","5","208_CR"
"264","RIL_208_UN_Rep2.fq.gz.bam","208","UN","2","208_UN"
"265","RIL_208_UN_Rep5.fq.gz.bam","208","UN","5","208_UN"
"266","RIL_211_CR_Rep1.fq.gz.bam","211","CR","1","211_CR"
"267","RIL_211_CR_Rep2.fq.gz.bam","211","CR","2","211_CR"
"268","RIL_211_CR_Rep5.fq.gz.bam","211","CR","5","211_CR"
"269","RIL_211_UN_Rep1.fq.gz.bam","211","UN","1","211_UN"
"270","RIL_211_UN_Rep3.fq.gz.bam","211","UN","3","211_UN"
"271","RIL_211_UN_Rep4.fq.gz.bam","211","UN","4","211_UN"
"272","RIL_211_UN_Rep5.fq.gz.bam","211","UN","5","211_UN"
"273","RIL_212_CR_Rep1.fq.gz.bam","212","CR","1","212_CR"
"274","RIL_212_CR_Rep2.fq.gz.bam","212","CR","2","212_CR"
"275","RIL_212_CR_Rep3.fq.gz.bam","212","CR","3","212_CR"
"276","RIL_212_UN_Rep2.fq.gz.bam","212","UN","2","212_UN"
"277","RIL_212_UN_Rep3.fq.gz.bam","212","UN","3","212_UN"
"278","RIL_212_UN_Rep4.fq.gz.bam","212","UN","4","212_UN"
"279","RIL_212_UN_Rep5.fq.gz.bam","212","UN","5","212_UN"
"280","RIL_213_CR_Rep1.fq.gz.bam","213","CR","1","213_CR"
"281","RIL_213_CR_Rep2.fq.gz.bam","213","CR","2","213_CR"
"282","RIL_213_CR_Rep3.fq.gz.bam","213","CR","3","213_CR"
"283","RIL_213_CR_Rep5.fq.gz.bam","213","CR","5","213_CR"
"284","RIL_213_UN_Rep2.fq.gz.bam","213","UN","2","213_UN"
"285","RIL_213_UN_Rep3.fq.gz.bam","213","UN","3","213_UN"
"286","RIL_213_UN_Rep4.fq.gz.bam","213","UN","4","213_UN"
"287","RIL_213_UN_Rep5.fq.gz.bam","213","UN","5","213_UN"
"288","RIL_215_CR_Rep2.fq.gz.bam","215","CR","2","215_CR"
"289","RIL_215_CR_Rep3.fq.gz.bam","215","CR","3","215_CR"
"290","RIL_215_CR_Rep5.fq.gz.bam","215","CR","5","215_CR"
"291","RIL_215_UN_Rep1.fq.gz.bam","215","UN","1","215_UN"
"292","RIL_215_UN_Rep2.fq.gz.bam","215","UN","2","215_UN"
"293","RIL_215_UN_Rep5.fq.gz.bam","215","UN","5","215_UN"
"294","RIL_21_CR_Rep4.fq.gz.bam","21","CR","4","21_CR"
"295","RIL_21_CR_Rep5.fq.gz.bam","21","CR","5","21_CR"
"296","RIL_21_UN_Rep1.fq.gz.bam","21","UN","1","21_UN"
"297","RIL_21_UN_Rep4.fq.gz.bam","21","UN","4","21_UN"
"298","RIL_21_UN_Rep5.fq.gz.bam","21","UN","5","21_UN"
"299","RIL_222_CR_Rep3.fq.gz.bam","222","CR","3","222_CR"
"300","RIL_222_CR_Rep5.fq.gz.bam","222","CR","5","222_CR"
"301","RIL_222_UN_Rep1.fq.gz.bam","222","UN","1","222_UN"
"302","RIL_222_UN_Rep2.fq.gz.bam","222","UN","2","222_UN"
"303","RIL_222_UN_Rep3.fq.gz.bam","222","UN","3","222_UN"
"304","RIL_222_UN_Rep4.fq.gz.bam","222","UN","4","222_UN"
"305","RIL_222_UN_Rep5.fq.gz.bam","222","UN","5","222_UN"
"306","RIL_223_CR_Rep2.fq.gz.bam","223","CR","2","223_CR"
"307","RIL_223_CR_Rep3.fq.gz.bam","223","CR","3","223_CR"
"308","RIL_223_UN_Rep1.fq.gz.bam","223","UN","1","223_UN"
"309","RIL_223_UN_Rep3.fq.gz.bam","223","UN","3","223_UN"
"310","RIL_223_UN_Rep4.fq.gz.bam","223","UN","4","223_UN"
"311","RIL_223_UN_Rep5.fq.gz.bam","223","UN","5","223_UN"
"312","RIL_225_CR_Rep3.fq.gz.bam","225","CR","3","225_CR"
"313","RIL_225_CR_Rep5.fq.gz.bam","225","CR","5","225_CR"
"314","RIL_225_UN_Rep1.fq.gz.bam","225","UN","1","225_UN"
"315","RIL_225_UN_Rep2.fq.gz.bam","225","UN","2","225_UN"
"316","RIL_225_UN_Rep3.fq.gz.bam","225","UN","3","225_UN"
"317","RIL_225_UN_Rep4.fq.gz.bam","225","UN","4","225_UN"
"318","RIL_225_UN_Rep5.fq.gz.bam","225","UN","5","225_UN"
"319","RIL_228_CR_Rep1.fq.gz.bam","228","CR","1","228_CR"
"320","RIL_228_CR_Rep2.fq.gz.bam","228","CR","2","228_CR"
"321","RIL_228_CR_Rep3.fq.gz.bam","228","CR","3","228_CR"
"322","RIL_228_CR_Rep4.fq.gz.bam","228","CR","4","228_CR"
"323","RIL_228_CR_Rep5.fq.gz.bam","228","CR","5","228_CR"
"324","RIL_228_UN_Rep1.fq.gz.bam","228","UN","1","228_UN"
"325","RIL_228_UN_Rep2.fq.gz.bam","228","UN","2","228_UN"
"326","RIL_228_UN_Rep4.fq.gz.bam","228","UN","4","228_UN"
"327","RIL_228_UN_Rep5.fq.gz.bam","228","UN","5","228_UN"
"328","RIL_229_CR_Rep2.fq.gz.bam","229","CR","2","229_CR"
"329","RIL_229_CR_Rep5.fq.gz.bam","229","CR","5","229_CR"
"330","RIL_229_UN_Rep1.fq.gz.bam","229","UN","1","229_UN"
"331","RIL_229_UN_Rep5.fq.gz.bam","229","UN","5","229_UN"
"332","RIL_232_CR_Rep1.fq.gz.bam","232","CR","1","232_CR"
"333","RIL_232_CR_Rep2.fq.gz.bam","232","CR","2","232_CR"
"334","RIL_232_CR_Rep3.fq.gz.bam","232","CR","3","232_CR"
"335","RIL_232_CR_Rep4.fq.gz.bam","232","CR","4","232_CR"
"336","RIL_232_CR_Rep5.fq.gz.bam","232","CR","5","232_CR"
"337","RIL_232_UN_Rep1.fq.gz.bam","232","UN","1","232_UN"
"338","RIL_232_UN_Rep4.fq.gz.bam","232","UN","4","232_UN"
"339","RIL_232_UN_Rep5.fq.gz.bam","232","UN","5","232_UN"
"340","RIL_235_CR_Rep3.fq.gz.bam","235","CR","3","235_CR"
"341","RIL_235_CR_Rep4.fq.gz.bam","235","CR","4","235_CR"
"342","RIL_235_CR_Rep5.fq.gz.bam","235","CR","5","235_CR"
"343","RIL_235_UN_Rep5.fq.gz.bam","235","UN","5","235_UN"
"344","RIL_23_CR_Rep2.fq.gz.bam","23","CR","2","23_CR"
"345","RIL_23_CR_Rep3.fq.gz.bam","23","CR","3","23_CR"
"346","RIL_23_CR_Rep4.fq.gz.bam","23","CR","4","23_CR"
"347","RIL_23_CR_Rep5.fq.gz.bam","23","CR","5","23_CR"
"348","RIL_23_UN_Rep5.fq.gz.bam","23","UN","5","23_UN"
"349","RIL_240_CR_Rep2.fq.gz.bam","240","CR","2","240_CR"
"350","RIL_240_CR_Rep3.fq.gz.bam","240","CR","3","240_CR"
"351","RIL_240_CR_Rep4.fq.gz.bam","240","CR","4","240_CR"
"352","RIL_240_CR_Rep5.fq.gz.bam","240","CR","5","240_CR"
"353","RIL_240_UN_Rep1.fq.gz.bam","240","UN","1","240_UN"
"354","RIL_240_UN_Rep2.fq.gz.bam","240","UN","2","240_UN"
"355","RIL_240_UN_Rep3.fq.gz.bam","240","UN","3","240_UN"
"356","RIL_240_UN_Rep4.fq.gz.bam","240","UN","4","240_UN"
"357","RIL_240_UN_Rep5.fq.gz.bam","240","UN","5","240_UN"
"358","RIL_242_CR_Rep1.fq.gz.bam","242","CR","1","242_CR"
"359","RIL_242_CR_Rep2.fq.gz.bam","242","CR","2","242_CR"
"360","RIL_242_CR_Rep3.fq.gz.bam","242","CR","3","242_CR"
"361","RIL_242_CR_Rep4.fq.gz.bam","242","CR","4","242_CR"
"362","RIL_242_CR_Rep5.fq.gz.bam","242","CR","5","242_CR"
"363","RIL_242_UN_Rep1.fq.gz.bam","242","UN","1","242_UN"
"364","RIL_242_UN_Rep3.fq.gz.bam","242","UN","3","242_UN"
"365","RIL_242_UN_Rep5.fq.gz.bam","242","UN","5","242_UN"
"366","RIL_243_CR_Rep1.fq.gz.bam","243","CR","1","243_CR"
"367","RIL_243_CR_Rep2.fq.gz.bam","243","CR","2","243_CR"
"368","RIL_243_CR_Rep3.fq.gz.bam","243","CR","3","243_CR"
"369","RIL_243_CR_Rep4.fq.gz.bam","243","CR","4","243_CR"
"370","RIL_243_UN_Rep1.fq.gz.bam","243","UN","1","243_UN"
"371","RIL_243_UN_Rep2.fq.gz.bam","243","UN","2","243_UN"
"372","RIL_248_CR_Rep1.fq.gz.bam","248","CR","1","248_CR"
"373","RIL_248_CR_Rep2.fq.gz.bam","248","CR","2","248_CR"
"374","RIL_248_CR_Rep4.fq.gz.bam","248","CR","4","248_CR"
"375","RIL_248_CR_Rep5.fq.gz.bam","248","CR","5","248_CR"
"376","RIL_248_UN_Rep1.fq.gz.bam","248","UN","1","248_UN"
"377","RIL_248_UN_Rep2.fq.gz.bam","248","UN","2","248_UN"
"378","RIL_248_UN_Rep3.fq.gz.bam","248","UN","3","248_UN"
"379","RIL_248_UN_Rep5.fq.gz.bam","248","UN","5","248_UN"
"380","RIL_250_CR_Rep2.fq.gz.bam","250","CR","2","250_CR"
"381","RIL_250_UN_Rep1.fq.gz.bam","250","UN","1","250_UN"
"382","RIL_250_UN_Rep3.fq.gz.bam","250","UN","3","250_UN"
"383","RIL_250_UN_Rep4.fq.gz.bam","250","UN","4","250_UN"
"384","RIL_251_CR_Rep2.fq.gz.bam","251","CR","2","251_CR"
"385","RIL_251_UN_Rep1.fq.gz.bam","251","UN","1","251_UN"
"386","RIL_251_UN_Rep2.fq.gz.bam","251","UN","2","251_UN"
"387","RIL_251_UN_Rep5.fq.gz.bam","251","UN","5","251_UN"
"388","RIL_253_CR_Rep1.fq.gz.bam","253","CR","1","253_CR"
"389","RIL_253_CR_Rep3.fq.gz.bam","253","CR","3","253_CR"
"390","RIL_253_CR_Rep5.fq.gz.bam","253","CR","5","253_CR"
"391","RIL_253_UN_Rep1.fq.gz.bam","253","UN","1","253_UN"
"392","RIL_253_UN_Rep2.fq.gz.bam","253","UN","2","253_UN"
"393","RIL_253_UN_Rep4.fq.gz.bam","253","UN","4","253_UN"
"394","RIL_253_UN_Rep5.fq.gz.bam","253","UN","5","253_UN"
"395","RIL_255_CR_Rep2.fq.gz.bam","255","CR","2","255_CR"
"396","RIL_255_CR_Rep3.fq.gz.bam","255","CR","3","255_CR"
"397","RIL_255_CR_Rep4.fq.gz.bam","255","CR","4","255_CR"
"398","RIL_255_UN_Rep1.fq.gz.bam","255","UN","1","255_UN"
"399","RIL_255_UN_Rep2.fq.gz.bam","255","UN","2","255_UN"
"400","RIL_255_UN_Rep4.fq.gz.bam","255","UN","4","255_UN"
"401","RIL_256_CR_Rep3.fq.gz.bam","256","CR","3","256_CR"
"402","RIL_256_CR_Rep4.fq.gz.bam","256","CR","4","256_CR"
"403","RIL_256_CR_Rep5.fq.gz.bam","256","CR","5","256_CR"
"404","RIL_256_UN_Rep2.fq.gz.bam","256","UN","2","256_UN"
"405","RIL_256_UN_Rep3.fq.gz.bam","256","UN","3","256_UN"
"406","RIL_256_UN_Rep4.fq.gz.bam","256","UN","4","256_UN"
"407","RIL_256_UN_Rep5.fq.gz.bam","256","UN","5","256_UN"
"408","RIL_259_CR_Rep1.fq.gz.bam","259","CR","1","259_CR"
"409","RIL_259_CR_Rep2.fq.gz.bam","259","CR","2","259_CR"
"410","RIL_259_CR_Rep3.fq.gz.bam","259","CR","3","259_CR"
"411","RIL_259_CR_Rep4.fq.gz.bam","259","CR","4","259_CR"
"412","RIL_259_UN_Rep2.fq.gz.bam","259","UN","2","259_UN"
"413","RIL_259_UN_Rep3.fq.gz.bam","259","UN","3","259_UN"
"414","RIL_259_UN_Rep4.fq.gz.bam","259","UN","4","259_UN"
"415","RIL_259_UN_Rep5.fq.gz.bam","259","UN","5","259_UN"
"416","RIL_25_CR_Rep2.fq.gz.bam","25","CR","2","25_CR"
"417","RIL_25_CR_Rep4.fq.gz.bam","25","CR","4","25_CR"
"418","RIL_25_CR_Rep5.fq.gz.bam","25","CR","5","25_CR"
"419","RIL_25_UN_Rep1.fq.gz.bam","25","UN","1","25_UN"
"420","RIL_25_UN_Rep2.fq.gz.bam","25","UN","2","25_UN"
"421","RIL_25_UN_Rep3.fq.gz.bam","25","UN","3","25_UN"
"422","RIL_25_UN_Rep4.fq.gz.bam","25","UN","4","25_UN"
"423","RIL_25_UN_Rep5.fq.gz.bam","25","UN","5","25_UN"
"424","RIL_264_CR_Rep2.fq.gz.bam","264","CR","2","264_CR"
"425","RIL_264_CR_Rep3.fq.gz.bam","264","CR","3","264_CR"
"426","RIL_264_UN_Rep1.fq.gz.bam","264","UN","1","264_UN"
"427","RIL_264_UN_Rep2.fq.gz.bam","264","UN","2","264_UN"
"428","RIL_264_UN_Rep4.fq.gz.bam","264","UN","4","264_UN"
"429","RIL_264_UN_Rep5.fq.gz.bam","264","UN","5","264_UN"
"430","RIL_265_CR_Rep1.fq.gz.bam","265","CR","1","265_CR"
"431","RIL_265_CR_Rep2.fq.gz.bam","265","CR","2","265_CR"
"432","RIL_265_CR_Rep5.fq.gz.bam","265","CR","5","265_CR"
"433","RIL_265_UN_Rep1.fq.gz.bam","265","UN","1","265_UN"
"434","RIL_265_UN_Rep2.fq.gz.bam","265","UN","2","265_UN"
"435","RIL_265_UN_Rep3.fq.gz.bam","265","UN","3","265_UN"
"436","RIL_265_UN_Rep4.fq.gz.bam","265","UN","4","265_UN"
"437","RIL_265_UN_Rep5.fq.gz.bam","265","UN","5","265_UN"
"438","RIL_267_CR_Rep2.fq.gz.bam","267","CR","2","267_CR"
"439","RIL_267_CR_Rep4.fq.gz.bam","267","CR","4","267_CR"
"440","RIL_267_CR_Rep5.fq.gz.bam","267","CR","5","267_CR"
"441","RIL_267_UN_Rep1.fq.gz.bam","267","UN","1","267_UN"
"442","RIL_267_UN_Rep2.fq.gz.bam","267","UN","2","267_UN"
"443","RIL_267_UN_Rep3.fq.gz.bam","267","UN","3","267_UN"
"444","RIL_267_UN_Rep4.fq.gz.bam","267","UN","4","267_UN"
"445","RIL_267_UN_Rep5.fq.gz.bam","267","UN","5","267_UN"
"446","RIL_268_CR_Rep2.fq.gz.bam","268","CR","2","268_CR"
"447","RIL_268_CR_Rep5.fq.gz.bam","268","CR","5","268_CR"
"448","RIL_268_UN_Rep2.fq.gz.bam","268","UN","2","268_UN"
"449","RIL_268_UN_Rep3.fq.gz.bam","268","UN","3","268_UN"
"450","RIL_268_UN_Rep4.fq.gz.bam","268","UN","4","268_UN"
"451","RIL_268_UN_Rep5.fq.gz.bam","268","UN","5","268_UN"
"452","RIL_270_CR_Rep3.fq.gz.bam","270","CR","3","270_CR"
"453","RIL_270_CR_Rep4.fq.gz.bam","270","CR","4","270_CR"
"454","RIL_270_UN_Rep1.fq.gz.bam","270","UN","1","270_UN"
"455","RIL_270_UN_Rep2.fq.gz.bam","270","UN","2","270_UN"
"456","RIL_277_CR_Rep5.fq.gz.bam","277","CR","5","277_CR"
"457","RIL_277_UN_Rep1.fq.gz.bam","277","UN","1","277_UN"
"458","RIL_277_UN_Rep3.fq.gz.bam","277","UN","3","277_UN"
"459","RIL_277_UN_Rep5.fq.gz.bam","277","UN","5","277_UN"
"460","RIL_281_CR_Rep1.fq.gz.bam","281","CR","1","281_CR"
"461","RIL_281_CR_Rep2.fq.gz.bam","281","CR","2","281_CR"
"462","RIL_281_CR_Rep4.fq.gz.bam","281","CR","4","281_CR"
"463","RIL_281_CR_Rep5.fq.gz.bam","281","CR","5","281_CR"
"464","RIL_281_UN_Rep1.fq.gz.bam","281","UN","1","281_UN"
"465","RIL_281_UN_Rep4.fq.gz.bam","281","UN","4","281_UN"
"466","RIL_281_UN_Rep5.fq.gz.bam","281","UN","5","281_UN"
"467","RIL_282_CR_Rep2.fq.gz.bam","282","CR","2","282_CR"
"468","RIL_282_CR_Rep3.fq.gz.bam","282","CR","3","282_CR"
"469","RIL_282_CR_Rep5.fq.gz.bam","282","CR","5","282_CR"
"470","RIL_282_UN_Rep1.fq.gz.bam","282","UN","1","282_UN"
"471","RIL_282_UN_Rep2.fq.gz.bam","282","UN","2","282_UN"
"472","RIL_284_CR_Rep1.fq.gz.bam","284","CR","1","284_CR"
"473","RIL_284_CR_Rep2.fq.gz.bam","284","CR","2","284_CR"
"474","RIL_284_CR_Rep3.fq.gz.bam","284","CR","3","284_CR"
"475","RIL_284_CR_Rep5.fq.gz.bam","284","CR","5","284_CR"
"476","RIL_284_UN_Rep1.fq.gz.bam","284","UN","1","284_UN"
"477","RIL_284_UN_Rep2.fq.gz.bam","284","UN","2","284_UN"
"478","RIL_284_UN_Rep3.fq.gz.bam","284","UN","3","284_UN"
"479","RIL_284_UN_Rep4.fq.gz.bam","284","UN","4","284_UN"
"480","RIL_284_UN_Rep5.fq.gz.bam","284","UN","5","284_UN"
"481","RIL_285_CR_Rep2.fq.gz.bam","285","CR","2","285_CR"
"482","RIL_285_CR_Rep3.fq.gz.bam","285","CR","3","285_CR"
"483","RIL_285_UN_Rep1.fq.gz.bam","285","UN","1","285_UN"
"484","RIL_285_UN_Rep3.fq.gz.bam","285","UN","3","285_UN"
"485","RIL_285_UN_Rep5.fq.gz.bam","285","UN","5","285_UN"
"486","RIL_288_CR_Rep2.fq.gz.bam","288","CR","2","288_CR"
"487","RIL_288_CR_Rep3.fq.gz.bam","288","CR","3","288_CR"
"488","RIL_288_CR_Rep5.fq.gz.bam","288","CR","5","288_CR"
"489","RIL_288_UN_Rep1.fq.gz.bam","288","UN","1","288_UN"
"490","RIL_288_UN_Rep3.fq.gz.bam","288","UN","3","288_UN"
"491","RIL_289_CR_Rep1.fq.gz.bam","289","CR","1","289_CR"
"492","RIL_289_CR_Rep2.fq.gz.bam","289","CR","2","289_CR"
"493","RIL_289_CR_Rep3.fq.gz.bam","289","CR","3","289_CR"
"494","RIL_289_CR_Rep4.fq.gz.bam","289","CR","4","289_CR"
"495","RIL_289_UN_Rep1.fq.gz.bam","289","UN","1","289_UN"
"496","RIL_289_UN_Rep3.fq.gz.bam","289","UN","3","289_UN"
"497","RIL_289_UN_Rep4.fq.gz.bam","289","UN","4","289_UN"
"498","RIL_289_UN_Rep5.fq.gz.bam","289","UN","5","289_UN"
"499","RIL_290_CR_Rep1.fq.gz.bam","290","CR","1","290_CR"
"500","RIL_290_CR_Rep2.fq.gz.bam","290","CR","2","290_CR"
"501","RIL_290_CR_Rep3.fq.gz.bam","290","CR","3","290_CR"
"502","RIL_290_UN_Rep1.fq.gz.bam","290","UN","1","290_UN"
"503","RIL_290_UN_Rep2.fq.gz.bam","290","UN","2","290_UN"
"504","RIL_290_UN_Rep4.fq.gz.bam","290","UN","4","290_UN"
"505","RIL_290_UN_Rep5.fq.gz.bam","290","UN","5","290_UN"
"506","RIL_294_CR_Rep1.fq.gz.bam","294","CR","1","294_CR"
"507","RIL_294_CR_Rep4.fq.gz.bam","294","CR","4","294_CR"
"508","RIL_294_UN_Rep3.fq.gz.bam","294","UN","3","294_UN"
"509","RIL_294_UN_Rep4.fq.gz.bam","294","UN","4","294_UN"
"510","RIL_2_CR_Rep1.fq.gz.bam","2","CR","1","2_CR"
"511","RIL_2_CR_Rep4.fq.gz.bam","2","CR","4","2_CR"
"512","RIL_2_CR_Rep5.fq.gz.bam","2","CR","5","2_CR"
"513","RIL_2_UN_Rep1.fq.gz.bam","2","UN","1","2_UN"
"514","RIL_2_UN_Rep5.fq.gz.bam","2","UN","5","2_UN"
"515","RIL_300_CR_Rep1.fq.gz.bam","300","CR","1","300_CR"
"516","RIL_300_CR_Rep2.fq.gz.bam","300","CR","2","300_CR"
"517","RIL_300_CR_Rep3.fq.gz.bam","300","CR","3","300_CR"
"518","RIL_300_CR_Rep4.fq.gz.bam","300","CR","4","300_CR"
"519","RIL_300_CR_Rep5.fq.gz.bam","300","CR","5","300_CR"
"520","RIL_300_UN_Rep1.fq.gz.bam","300","UN","1","300_UN"
"521","RIL_300_UN_Rep2.fq.gz.bam","300","UN","2","300_UN"
"522","RIL_300_UN_Rep3.fq.gz.bam","300","UN","3","300_UN"
"523","RIL_300_UN_Rep4.fq.gz.bam","300","UN","4","300_UN"
"524","RIL_300_UN_Rep5.fq.gz.bam","300","UN","5","300_UN"
"525","RIL_301_CR_Rep1.fq.gz.bam","301","CR","1","301_CR"
"526","RIL_301_CR_Rep2.fq.gz.bam","301","CR","2","301_CR"
"527","RIL_301_CR_Rep4.fq.gz.bam","301","CR","4","301_CR"
"528","RIL_301_CR_Rep5.fq.gz.bam","301","CR","5","301_CR"
"529","RIL_301_UN_Rep1.fq.gz.bam","301","UN","1","301_UN"
"530","RIL_301_UN_Rep2.fq.gz.bam","301","UN","2","301_UN"
"531","RIL_301_UN_Rep4.fq.gz.bam","301","UN","4","301_UN"
"532","RIL_301_UN_Rep5.fq.gz.bam","301","UN","5","301_UN"
"533","RIL_303_CR_Rep1.fq.gz.bam","303","CR","1","303_CR"
"534","RIL_303_CR_Rep5.fq.gz.bam","303","CR","5","303_CR"
"535","RIL_303_UN_Rep1.fq.gz.bam","303","UN","1","303_UN"
"536","RIL_303_UN_Rep2.fq.gz.bam","303","UN","2","303_UN"
"537","RIL_303_UN_Rep3.fq.gz.bam","303","UN","3","303_UN"
"538","RIL_308_CR_Rep1.fq.gz.bam","308","CR","1","308_CR"
"539","RIL_308_CR_Rep2.fq.gz.bam","308","CR","2","308_CR"
"540","RIL_308_CR_Rep3.fq.gz.bam","308","CR","3","308_CR"
"541","RIL_308_CR_Rep4.fq.gz.bam","308","CR","4","308_CR"
"542","RIL_308_CR_Rep5.fq.gz.bam","308","CR","5","308_CR"
"543","RIL_308_UN_Rep1.fq.gz.bam","308","UN","1","308_UN"
"544","RIL_308_UN_Rep4.fq.gz.bam","308","UN","4","308_UN"
"545","RIL_308_UN_Rep5.fq.gz.bam","308","UN","5","308_UN"
"546","RIL_30_CR_Rep3.fq.gz.bam","30","CR","3","30_CR"
"547","RIL_30_CR_Rep4.fq.gz.bam","30","CR","4","30_CR"
"548","RIL_30_CR_Rep5.fq.gz.bam","30","CR","5","30_CR"
"549","RIL_30_UN_Rep1.fq.gz.bam","30","UN","1","30_UN"
"550","RIL_30_UN_Rep3.fq.gz.bam","30","UN","3","30_UN"
"551","RIL_30_UN_Rep4.fq.gz.bam","30","UN","4","30_UN"
"552","RIL_318_CR_Rep1.fq.gz.bam","318","CR","1","318_CR"
"553","RIL_318_CR_Rep3.fq.gz.bam","318","CR","3","318_CR"
"554","RIL_318_CR_Rep4.fq.gz.bam","318","CR","4","318_CR"
"555","RIL_318_CR_Rep5.fq.gz.bam","318","CR","5","318_CR"
"556","RIL_318_UN_Rep1.fq.gz.bam","318","UN","1","318_UN"
"557","RIL_31_CR_Rep2.fq.gz.bam","31","CR","2","31_CR"
"558","RIL_31_CR_Rep3.fq.gz.bam","31","CR","3","31_CR"
"559","RIL_31_CR_Rep4.fq.gz.bam","31","CR","4","31_CR"
"560","RIL_31_CR_Rep5.fq.gz.bam","31","CR","5","31_CR"
"561","RIL_31_UN_Rep1.fq.gz.bam","31","UN","1","31_UN"
"562","RIL_31_UN_Rep3.fq.gz.bam","31","UN","3","31_UN"
"563","RIL_31_UN_Rep4.fq.gz.bam","31","UN","4","31_UN"
"564","RIL_31_UN_Rep5.fq.gz.bam","31","UN","5","31_UN"
"565","RIL_325_CR_Rep2.fq.gz.bam","325","CR","2","325_CR"
"566","RIL_325_CR_Rep4.fq.gz.bam","325","CR","4","325_CR"
"567","RIL_325_UN_Rep1.fq.gz.bam","325","UN","1","325_UN"
"568","RIL_325_UN_Rep4.fq.gz.bam","325","UN","4","325_UN"
"569","RIL_325_UN_Rep5.fq.gz.bam","325","UN","5","325_UN"
"570","RIL_329_CR_Rep3.fq.gz.bam","329","CR","3","329_CR"
"571","RIL_329_CR_Rep4.fq.gz.bam","329","CR","4","329_CR"
"572","RIL_329_CR_Rep5.fq.gz.bam","329","CR","5","329_CR"
"573","RIL_329_UN_Rep1.fq.gz.bam","329","UN","1","329_UN"
"574","RIL_329_UN_Rep3.fq.gz.bam","329","UN","3","329_UN"
"575","RIL_329_UN_Rep4.fq.gz.bam","329","UN","4","329_UN"
"576","RIL_329_UN_Rep5.fq.gz.bam","329","UN","5","329_UN"
"577","RIL_332_CR_Rep2.fq.gz.bam","332","CR","2","332_CR"
"578","RIL_332_CR_Rep4.fq.gz.bam","332","CR","4","332_CR"
"579","RIL_332_CR_Rep5.fq.gz.bam","332","CR","5","332_CR"
"580","RIL_332_UN_Rep1.fq.gz.bam","332","UN","1","332_UN"
"581","RIL_332_UN_Rep4.fq.gz.bam","332","UN","4","332_UN"
"582","RIL_332_UN_Rep5.fq.gz.bam","332","UN","5","332_UN"
"583","RIL_337_CR_Rep5.fq.gz.bam","337","CR","5","337_CR"
"584","RIL_337_UN_Rep1.fq.gz.bam","337","UN","1","337_UN"
"585","RIL_337_UN_Rep2.fq.gz.bam","337","UN","2","337_UN"
"586","RIL_337_UN_Rep3.fq.gz.bam","337","UN","3","337_UN"
"587","RIL_337_UN_Rep4.fq.gz.bam","337","UN","4","337_UN"
"588","RIL_339_CR_Rep1.fq.gz.bam","339","CR","1","339_CR"
"589","RIL_339_CR_Rep2.fq.gz.bam","339","CR","2","339_CR"
"590","RIL_339_CR_Rep3.fq.gz.bam","339","CR","3","339_CR"
"591","RIL_339_CR_Rep4.fq.gz.bam","339","CR","4","339_CR"
"592","RIL_339_CR_Rep5.fq.gz.bam","339","CR","5","339_CR"
"593","RIL_339_UN_Rep1.fq.gz.bam","339","UN","1","339_UN"
"594","RIL_339_UN_Rep2.fq.gz.bam","339","UN","2","339_UN"
"595","RIL_339_UN_Rep3.fq.gz.bam","339","UN","3","339_UN"
"596","RIL_339_UN_Rep4.fq.gz.bam","339","UN","4","339_UN"
"597","RIL_339_UN_Rep5.fq.gz.bam","339","UN","5","339_UN"
"598","RIL_340_CR_Rep1.fq.gz.bam","340","CR","1","340_CR"
"599","RIL_340_CR_Rep2.fq.gz.bam","340","CR","2","340_CR"
"600","RIL_340_CR_Rep4.fq.gz.bam","340","CR","4","340_CR"
"601","RIL_340_CR_Rep5.fq.gz.bam","340","CR","5","340_CR"
"602","RIL_340_UN_Rep1.fq.gz.bam","340","UN","1","340_UN"
"603","RIL_340_UN_Rep2.fq.gz.bam","340","UN","2","340_UN"
"604","RIL_340_UN_Rep4.fq.gz.bam","340","UN","4","340_UN"
"605","RIL_341_CR_Rep1.fq.gz.bam","341","CR","1","341_CR"
"606","RIL_341_CR_Rep2.fq.gz.bam","341","CR","2","341_CR"
"607","RIL_341_CR_Rep3.fq.gz.bam","341","CR","3","341_CR"
"608","RIL_341_CR_Rep4.fq.gz.bam","341","CR","4","341_CR"
"609","RIL_341_CR_Rep5.fq.gz.bam","341","CR","5","341_CR"
"610","RIL_341_UN_Rep2.fq.gz.bam","341","UN","2","341_UN"
"611","RIL_341_UN_Rep3.fq.gz.bam","341","UN","3","341_UN"
"612","RIL_341_UN_Rep4.fq.gz.bam","341","UN","4","341_UN"
"613","RIL_341_UN_Rep5.fq.gz.bam","341","UN","5","341_UN"
"614","RIL_344_CR_Rep2.fq.gz.bam","344","CR","2","344_CR"
"615","RIL_344_CR_Rep3.fq.gz.bam","344","CR","3","344_CR"
"616","RIL_344_CR_Rep4.fq.gz.bam","344","CR","4","344_CR"
"617","RIL_344_UN_Rep1.fq.gz.bam","344","UN","1","344_UN"
"618","RIL_344_UN_Rep2.fq.gz.bam","344","UN","2","344_UN"
"619","RIL_344_UN_Rep3.fq.gz.bam","344","UN","3","344_UN"
"620","RIL_344_UN_Rep4.fq.gz.bam","344","UN","4","344_UN"
"621","RIL_344_UN_Rep5.fq.gz.bam","344","UN","5","344_UN"
"622","RIL_346_CR_Rep2.fq.gz.bam","346","CR","2","346_CR"
"623","RIL_346_CR_Rep3.fq.gz.bam","346","CR","3","346_CR"
"624","RIL_346_CR_Rep4.fq.gz.bam","346","CR","4","346_CR"
"625","RIL_346_UN_Rep1.fq.gz.bam","346","UN","1","346_UN"
"626","RIL_346_UN_Rep2.fq.gz.bam","346","UN","2","346_UN"
"627","RIL_346_UN_Rep4.fq.gz.bam","346","UN","4","346_UN"
"628","RIL_346_UN_Rep5.fq.gz.bam","346","UN","5","346_UN"
"629","RIL_347_CR_Rep3.fq.gz.bam","347","CR","3","347_CR"
"630","RIL_347_CR_Rep5.fq.gz.bam","347","CR","5","347_CR"
"631","RIL_347_UN_Rep1.fq.gz.bam","347","UN","1","347_UN"
"632","RIL_347_UN_Rep2.fq.gz.bam","347","UN","2","347_UN"
"633","RIL_347_UN_Rep5.fq.gz.bam","347","UN","5","347_UN"
"634","RIL_353_CR_Rep2.fq.gz.bam","353","CR","2","353_CR"
"635","RIL_353_CR_Rep4.fq.gz.bam","353","CR","4","353_CR"
"636","RIL_353_UN_Rep1.fq.gz.bam","353","UN","1","353_UN"
"637","RIL_353_UN_Rep2.fq.gz.bam","353","UN","2","353_UN"
"638","RIL_353_UN_Rep3.fq.gz.bam","353","UN","3","353_UN"
"639","RIL_353_UN_Rep5.fq.gz.bam","353","UN","5","353_UN"
"640","RIL_354_CR_Rep2.fq.gz.bam","354","CR","2","354_CR"
"641","RIL_354_CR_Rep3.fq.gz.bam","354","CR","3","354_CR"
"642","RIL_354_CR_Rep4.fq.gz.bam","354","CR","4","354_CR"
"643","RIL_354_CR_Rep5.fq.gz.bam","354","CR","5","354_CR"
"644","RIL_354_UN_Rep1.fq.gz.bam","354","UN","1","354_UN"
"645","RIL_354_UN_Rep3.fq.gz.bam","354","UN","3","354_UN"
"646","RIL_354_UN_Rep4.fq.gz.bam","354","UN","4","354_UN"
"647","RIL_354_UN_Rep5.fq.gz.bam","354","UN","5","354_UN"
"648","RIL_355_CR_Rep2.fq.gz.bam","355","CR","2","355_CR"
"649","RIL_355_CR_Rep3.fq.gz.bam","355","CR","3","355_CR"
"650","RIL_355_CR_Rep4.fq.gz.bam","355","CR","4","355_CR"
"651","RIL_355_UN_Rep1.fq.gz.bam","355","UN","1","355_UN"
"652","RIL_355_UN_Rep4.fq.gz.bam","355","UN","4","355_UN"
"653","RIL_355_UN_Rep5.fq.gz.bam","355","UN","5","355_UN"
"654","RIL_357_CR_Rep2.fq.gz.bam","357","CR","2","357_CR"
"655","RIL_357_CR_Rep3.fq.gz.bam","357","CR","3","357_CR"
"656","RIL_357_CR_Rep4.fq.gz.bam","357","CR","4","357_CR"
"657","RIL_357_UN_Rep1.fq.gz.bam","357","UN","1","357_UN"
"658","RIL_357_UN_Rep2.fq.gz.bam","357","UN","2","357_UN"
"659","RIL_357_UN_Rep3.fq.gz.bam","357","UN","3","357_UN"
"660","RIL_357_UN_Rep5.fq.gz.bam","357","UN","5","357_UN"
"661","RIL_359_CR_Rep1.fq.gz.bam","359","CR","1","359_CR"
"662","RIL_359_CR_Rep2.fq.gz.bam","359","CR","2","359_CR"
"663","RIL_359_CR_Rep3.fq.gz.bam","359","CR","3","359_CR"
"664","RIL_359_CR_Rep4.fq.gz.bam","359","CR","4","359_CR"
"665","RIL_359_CR_Rep5.fq.gz.bam","359","CR","5","359_CR"
"666","RIL_359_UN_Rep2.fq.gz.bam","359","UN","2","359_UN"
"667","RIL_359_UN_Rep4.fq.gz.bam","359","UN","4","359_UN"
"668","RIL_359_UN_Rep5.fq.gz.bam","359","UN","5","359_UN"
"669","RIL_360_CR_Rep1.fq.gz.bam","360","CR","1","360_CR"
"670","RIL_360_CR_Rep2.fq.gz.bam","360","CR","2","360_CR"
"671","RIL_360_CR_Rep3.fq.gz.bam","360","CR","3","360_CR"
"672","RIL_360_CR_Rep4.fq.gz.bam","360","CR","4","360_CR"
"673","RIL_360_CR_Rep5.fq.gz.bam","360","CR","5","360_CR"
"674","RIL_360_UN_Rep1.fq.gz.bam","360","UN","1","360_UN"
"675","RIL_360_UN_Rep2.fq.gz.bam","360","UN","2","360_UN"
"676","RIL_360_UN_Rep4.fq.gz.bam","360","UN","4","360_UN"
"677","RIL_360_UN_Rep5.fq.gz.bam","360","UN","5","360_UN"
"678","RIL_363_CR_Rep2.fq.gz.bam","363","CR","2","363_CR"
"679","RIL_363_CR_Rep3.fq.gz.bam","363","CR","3","363_CR"
"680","RIL_363_CR_Rep5.fq.gz.bam","363","CR","5","363_CR"
"681","RIL_363_UN_Rep1.fq.gz.bam","363","UN","1","363_UN"
"682","RIL_363_UN_Rep2.fq.gz.bam","363","UN","2","363_UN"
"683","RIL_363_UN_Rep4.fq.gz.bam","363","UN","4","363_UN"
"684","RIL_363_UN_Rep5.fq.gz.bam","363","UN","5","363_UN"
"685","RIL_36_CR_Rep1.fq.gz.bam","36","CR","1","36_CR"
"686","RIL_36_CR_Rep2.fq.gz.bam","36","CR","2","36_CR"
"687","RIL_36_CR_Rep3.fq.gz.bam","36","CR","3","36_CR"
"688","RIL_36_CR_Rep4.fq.gz.bam","36","CR","4","36_CR"
"689","RIL_36_CR_Rep5.fq.gz.bam","36","CR","5","36_CR"
"690","RIL_36_UN_Rep1.fq.gz.bam","36","UN","1","36_UN"
"691","RIL_36_UN_Rep2.fq.gz.bam","36","UN","2","36_UN"
"692","RIL_36_UN_Rep3.fq.gz.bam","36","UN","3","36_UN"
"693","RIL_36_UN_Rep5.fq.gz.bam","36","UN","5","36_UN"
"694","RIL_373_CR_Rep1.fq.gz.bam","373","CR","1","373_CR"
"695","RIL_373_CR_Rep2.fq.gz.bam","373","CR","2","373_CR"
"696","RIL_373_CR_Rep3.fq.gz.bam","373","CR","3","373_CR"
"697","RIL_373_UN_Rep1.fq.gz.bam","373","UN","1","373_UN"
"698","RIL_373_UN_Rep3.fq.gz.bam","373","UN","3","373_UN"
"699","RIL_373_UN_Rep4.fq.gz.bam","373","UN","4","373_UN"
"700","RIL_373_UN_Rep5.fq.gz.bam","373","UN","5","373_UN"
"701","RIL_376_CR_Rep3.fq.gz.bam","376","CR","3","376_CR"
"702","RIL_376_CR_Rep5.fq.gz.bam","376","CR","5","376_CR"
"703","RIL_376_UN_Rep1.fq.gz.bam","376","UN","1","376_UN"
"704","RIL_376_UN_Rep2.fq.gz.bam","376","UN","2","376_UN"
"705","RIL_376_UN_Rep3.fq.gz.bam","376","UN","3","376_UN"
"706","RIL_376_UN_Rep4.fq.gz.bam","376","UN","4","376_UN"
"707","RIL_376_UN_Rep5.fq.gz.bam","376","UN","5","376_UN"
"708","RIL_380_CR_Rep2.fq.gz.bam","380","CR","2","380_CR"
"709","RIL_380_CR_Rep5.fq.gz.bam","380","CR","5","380_CR"
"710","RIL_380_UN_Rep1.fq.gz.bam","380","UN","1","380_UN"
"711","RIL_380_UN_Rep3.fq.gz.bam","380","UN","3","380_UN"
"712","RIL_380_UN_Rep5.fq.gz.bam","380","UN","5","380_UN"
"713","RIL_39_CR_Rep1.fq.gz.bam","39","CR","1","39_CR"
"714","RIL_39_CR_Rep2.fq.gz.bam","39","CR","2","39_CR"
"715","RIL_39_CR_Rep4.fq.gz.bam","39","CR","4","39_CR"
"716","RIL_39_UN_Rep2.fq.gz.bam","39","UN","2","39_UN"
"717","RIL_39_UN_Rep3.fq.gz.bam","39","UN","3","39_UN"
"718","RIL_39_UN_Rep5.fq.gz.bam","39","UN","5","39_UN"
"719","RIL_42_CR_Rep3.fq.gz.bam","42","CR","3","42_CR"
"720","RIL_42_CR_Rep4.fq.gz.bam","42","CR","4","42_CR"
"721","RIL_42_CR_Rep5.fq.gz.bam","42","CR","5","42_CR"
"722","RIL_42_UN_Rep1.fq.gz.bam","42","UN","1","42_UN"
"723","RIL_42_UN_Rep2.fq.gz.bam","42","UN","2","42_UN"
"724","RIL_42_UN_Rep3.fq.gz.bam","42","UN","3","42_UN"
"725","RIL_42_UN_Rep5.fq.gz.bam","42","UN","5","42_UN"
"726","RIL_46_CR_Rep2.fq.gz.bam","46","CR","2","46_CR"
"727","RIL_46_CR_Rep3.fq.gz.bam","46","CR","3","46_CR"
"728","RIL_46_CR_Rep5.fq.gz.bam","46","CR","5","46_CR"
"729","RIL_46_UN_Rep1.fq.gz.bam","46","UN","1","46_UN"
"730","RIL_46_UN_Rep3.fq.gz.bam","46","UN","3","46_UN"
"731","RIL_46_UN_Rep4.fq.gz.bam","46","UN","4","46_UN"
"732","RIL_46_UN_Rep5.fq.gz.bam","46","UN","5","46_UN"
"733","RIL_53_CR_Rep1.fq.gz.bam","53","CR","1","53_CR"
"734","RIL_53_CR_Rep2.fq.gz.bam","53","CR","2","53_CR"
"735","RIL_53_CR_Rep3.fq.gz.bam","53","CR","3","53_CR"
"736","RIL_53_CR_Rep4.fq.gz.bam","53","CR","4","53_CR"
"737","RIL_53_CR_Rep5.fq.gz.bam","53","CR","5","53_CR"
"738","RIL_53_UN_Rep1.fq.gz.bam","53","UN","1","53_UN"
"739","RIL_53_UN_Rep2.fq.gz.bam","53","UN","2","53_UN"
"740","RIL_53_UN_Rep3.fq.gz.bam","53","UN","3","53_UN"
"741","RIL_53_UN_Rep4.fq.gz.bam","53","UN","4","53_UN"
"742","RIL_53_UN_Rep5.fq.gz.bam","53","UN","5","53_UN"
"743","RIL_60_CR_Rep2.fq.gz.bam","60","CR","2","60_CR"
"744","RIL_60_CR_Rep4.fq.gz.bam","60","CR","4","60_CR"
"745","RIL_60_CR_Rep5.fq.gz.bam","60","CR","5","60_CR"
"746","RIL_60_UN_Rep1.fq.gz.bam","60","UN","1","60_UN"
"747","RIL_60_UN_Rep4.fq.gz.bam","60","UN","4","60_UN"
"748","RIL_63_CR_Rep2.fq.gz.bam","63","CR","2","63_CR"
"749","RIL_63_CR_Rep3.fq.gz.bam","63","CR","3","63_CR"
"750","RIL_63_UN_Rep1.fq.gz.bam","63","UN","1","63_UN"
"751","RIL_63_UN_Rep2.fq.gz.bam","63","UN","2","63_UN"
"752","RIL_63_UN_Rep3.fq.gz.bam","63","UN","3","63_UN"
"753","RIL_63_UN_Rep4.fq.gz.bam","63","UN","4","63_UN"
"754","RIL_63_UN_Rep5.fq.gz.bam","63","UN","5","63_UN"
"755","RIL_65_CR_Rep1.fq.gz.bam","65","CR","1","65_CR"
"756","RIL_65_CR_Rep2.fq.gz.bam","65","CR","2","65_CR"
"757","RIL_65_CR_Rep4.fq.gz.bam","65","CR","4","65_CR"
"758","RIL_65_CR_Rep5.fq.gz.bam","65","CR","5","65_CR"
"759","RIL_65_UN_Rep1.fq.gz.bam","65","UN","1","65_UN"
"760","RIL_65_UN_Rep2.fq.gz.bam","65","UN","2","65_UN"
"761","RIL_65_UN_Rep4.fq.gz.bam","65","UN","4","65_UN"
"762","RIL_65_UN_Rep5.fq.gz.bam","65","UN","5","65_UN"
"763","RIL_66_CR_Rep1.fq.gz.bam","66","CR","1","66_CR"
"764","RIL_66_CR_Rep2.fq.gz.bam","66","CR","2","66_CR"
"765","RIL_66_CR_Rep3.fq.gz.bam","66","CR","3","66_CR"
"766","RIL_66_CR_Rep4.fq.gz.bam","66","CR","4","66_CR"
"767","RIL_66_UN_Rep1.fq.gz.bam","66","UN","1","66_UN"
"768","RIL_66_UN_Rep2.fq.gz.bam","66","UN","2","66_UN"
"769","RIL_66_UN_Rep3.fq.gz.bam","66","UN","3","66_UN"
"770","RIL_66_UN_Rep5.fq.gz.bam","66","UN","5","66_UN"
"771","RIL_69_CR_Rep2.fq.gz.bam","69","CR","2","69_CR"
"772","RIL_69_CR_Rep4.fq.gz.bam","69","CR","4","69_CR"
"773","RIL_69_CR_Rep5.fq.gz.bam","69","CR","5","69_CR"
"774","RIL_69_UN_Rep1.fq.gz.bam","69","UN","1","69_UN"
"775","RIL_69_UN_Rep2.fq.gz.bam","69","UN","2","69_UN"
"776","RIL_69_UN_Rep3.fq.gz.bam","69","UN","3","69_UN"
"777","RIL_69_UN_Rep4.fq.gz.bam","69","UN","4","69_UN"
"778","RIL_69_UN_Rep5.fq.gz.bam","69","UN","5","69_UN"
"779","RIL_70_CR_Rep2.fq.gz.bam","70","CR","2","70_CR"
"780","RIL_70_CR_Rep3.fq.gz.bam","70","CR","3","70_CR"
"781","RIL_70_CR_Rep5.fq.gz.bam","70","CR","5","70_CR"
"782","RIL_70_UN_Rep1.fq.gz.bam","70","UN","1","70_UN"
"783","RIL_70_UN_Rep3.fq.gz.bam","70","UN","3","70_UN"
"784","RIL_70_UN_Rep4.fq.gz.bam","70","UN","4","70_UN"
"785","RIL_70_UN_Rep5.fq.gz.bam","70","UN","5","70_UN"
"786","RIL_73_CR_Rep1.fq.gz.bam","73","CR","1","73_CR"
"787","RIL_73_CR_Rep2.fq.gz.bam","73","CR","2","73_CR"
"788","RIL_73_CR_Rep4.fq.gz.bam","73","CR","4","73_CR"
"789","RIL_73_CR_Rep5.fq.gz.bam","73","CR","5","73_CR"
"790","RIL_73_UN_Rep2.fq.gz.bam","73","UN","2","73_UN"
"791","RIL_73_UN_Rep3.fq.gz.bam","73","UN","3","73_UN"
"792","RIL_73_UN_Rep4.fq.gz.bam","73","UN","4","73_UN"
"793","RIL_73_UN_Rep5.fq.gz.bam","73","UN","5","73_UN"
"794","RIL_76_CR_Rep2.fq.gz.bam","76","CR","2","76_CR"
"795","RIL_76_CR_Rep4.fq.gz.bam","76","CR","4","76_CR"
"796","RIL_76_CR_Rep5.fq.gz.bam","76","CR","5","76_CR"
"797","RIL_76_UN_Rep2.fq.gz.bam","76","UN","2","76_UN"
"798","RIL_76_UN_Rep3.fq.gz.bam","76","UN","3","76_UN"
"799","RIL_7_CR_Rep1.fq.gz.bam","7","CR","1","7_CR"
"800","RIL_7_CR_Rep2.fq.gz.bam","7","CR","2","7_CR"
"801","RIL_7_CR_Rep3.fq.gz.bam","7","CR","3","7_CR"
"802","RIL_7_CR_Rep4.fq.gz.bam","7","CR","4","7_CR"
"803","RIL_7_CR_Rep5.fq.gz.bam","7","CR","5","7_CR"
"804","RIL_7_UN_Rep1.fq.gz.bam","7","UN","1","7_UN"
"805","RIL_7_UN_Rep3.fq.gz.bam","7","UN","3","7_UN"
"806","RIL_7_UN_Rep4.fq.gz.bam","7","UN","4","7_UN"
"807","RIL_7_UN_Rep5.fq.gz.bam","7","UN","5","7_UN"
"808","RIL_80_CR_Rep2.fq.gz.bam","80","CR","2","80_CR"
"809","RIL_80_CR_Rep3.fq.gz.bam","80","CR","3","80_CR"
"810","RIL_80_CR_Rep4.fq.gz.bam","80","CR","4","80_CR"
"811","RIL_80_CR_Rep5.fq.gz.bam","80","CR","5","80_CR"
"812","RIL_80_UN_Rep1.fq.gz.bam","80","UN","1","80_UN"
"813","RIL_80_UN_Rep2.fq.gz.bam","80","UN","2","80_UN"
"814","RIL_80_UN_Rep3.fq.gz.bam","80","UN","3","80_UN"
"815","RIL_80_UN_Rep4.fq.gz.bam","80","UN","4","80_UN"
"816","RIL_80_UN_Rep5.fq.gz.bam","80","UN","5","80_UN"
"817","RIL_89_CR_Rep2.fq.gz.bam","89","CR","2","89_CR"
"818","RIL_89_CR_Rep3.fq.gz.bam","89","CR","3","89_CR"
"819","RIL_89_CR_Rep4.fq.gz.bam","89","CR","4","89_CR"
"820","RIL_89_CR_Rep5.fq.gz.bam","89","CR","5","89_CR"
"821","RIL_89_UN_Rep3.fq.gz.bam","89","UN","3","89_UN"
"822","RIL_89_UN_Rep5.fq.gz.bam","89","UN","5","89_UN"
"823","RIL_93_CR_Rep1.fq.gz.bam","93","CR","1","93_CR"
"824","RIL_93_CR_Rep3.fq.gz.bam","93","CR","3","93_CR"
"825","RIL_93_CR_Rep4.fq.gz.bam","93","CR","4","93_CR"
"826","RIL_93_UN_Rep2.fq.gz.bam","93","UN","2","93_UN"
"827","RIL_93_UN_Rep3.fq.gz.bam","93","UN","3","93_UN"
"828","RIL_93_UN_Rep4.fq.gz.bam","93","UN","4","93_UN"
"829","RIL_9_CR_Rep2.fq.gz.bam","9","CR","2","9_CR"
"830","RIL_9_CR_Rep3.fq.gz.bam","9","CR","3","9_CR"
"831","RIL_9_CR_Rep4.fq.gz.bam","9","CR","4","9_CR"
"832","RIL_9_CR_Rep5.fq.gz.bam","9","CR","5","9_CR"
"833","RIL_9_UN_Rep2.fq.gz.bam","9","UN","2","9_UN"
"834","RIL_9_UN_Rep3.fq.gz.bam","9","UN","3","9_UN"
"835","RIL_9_UN_Rep5.fq.gz.bam","9","UN","5","9_UN"
